Nombre_Original;Nombre_Correcto;Ciudad;Tipo;Direccion;Latitud_Corregida;Longitud_Corregida;Fuente_Problema;facility_id
H. U. San Francisco de Asis;Hospital Universitario San Francisco de As√≠s;Madrid;HOSPITAL;Calle de Joaqu√≠n Costa, 28, 28002 Madrid;40.442517;-3.683065;Coordenadas extremas/fuera de l√≠mites;32.0
Hospital Quironsalud del Vall√®s;Hospital Quir√≥nsalud del Vall√®s;Sabadell;HOSPITAL;Passeig Rubi√≥ i Ors, 23, 08203 Sabadell;41.53241;2.1117;Coordenadas extremas/fuera de l√≠mites;
Intem - Hospital del Mar;Hospital del Mar;Barcelona;HOSPITAL;Passeig Mar√≠tim, 25-29, 08003 Barcelona;41.3841;2.19403;Coordenadas extremas/fuera de l√≠mites;38.0
Grupo Vivo - UNIDAD MOVIL PET TAC- Granollers;Grupo Vivo - Unidad M√≥vil PET TAC Granollers;Granollers;CLINIC;Granollers, Barcelona;41.6078;2.2875;Coordenadas extremas/fuera de l√≠mites;73.0
Eventos;Eventos Medical Transportation;Barcelona;MEDICAL_TRANSPORTATION;Barcelona;41.3866;2.16992;Coordenadas extremas/fuera de l√≠mites;
Hospital Ribera Caravaca;Hospital Ribera Caravaca (Centro M√©dico Virgen de la Caridad);Caravaca de la Cruz;HOSPITAL;Caravaca de la Cruz, 30400 Murcia;38.106;-1.869;Fuera de l√≠mites Espa√±a (latitud correcta);
Hospital Ribera Covadonga;Hospital Ribera Covadonga;Gij√≥n;HOSPITAL;Barrio de El Coto, Gij√≥n, Asturias;43.5301;-5.64912;Coordenadas extremas/fuera de l√≠mites;124.0
Fertilab Barcelona;Fertilab Barcelona;Barcelona;CLINIC;Ronda del General Mitre, 14, 08017 Barcelona;41.398;2.134;Coordenadas extremas/fuera de l√≠mites;
CAP Nova Lloreda 10;CAP Nova Lloreda 10;Barcelona;CAP;Barcelona;41.4497;2.22974;Coordenadas extremas/fuera de l√≠mites;139.0
Hospital HC Miraflores;Hospital HCMiraflores;Zaragoza;HOSPITAL;Zaragoza;41.643;-0.8781;Coordenadas extremas/fuera de l√≠mites;
Hospital San Juan de Dios Zaragoza;Hospital San Juan de Dios Zaragoza;Zaragoza;HOSPITAL;Zaragoza;41.643;-878.0;Coordenadas extremas (longitud correcta);
Institut Marqu√®s Obstetricia i Ginecolog√≠a S.L.P.;Institut Marqu√®s;Barcelona;CLINIC;Av. Diagonal, 662-664, 08034 Barcelona;41.3888;2.15899;Coordenadas extremas/fuera de l√≠mites;169.0
Colisee Igualada - La Saleta Care SL;Colisee Igualada - La Saleta Care;Igualada;NURSING_HOME;Igualada, Barcelona;41.582;1.617;Coordenadas extremas/fuera de l√≠mites;
Institut Catal√† de Retina S,L.;Institut Catal√† de Retina;Barcelona;CLINIC;Barcelona;41.4032;2.126;Coordenadas extremas/fuera de l√≠mites;171.0
Colisee Paral¬∑lel La Saleta Care S.L;Colisee Paral¬∑lel La Saleta Care;Barcelona;NURSING_HOME;Barcelona;41.3749;2.15332;Coordenadas extremas/fuera de l√≠mites;
Centro Asistencial Mutuam La Creueta;Centro Asistencial Mutuam La Creueta;Sabadell;NURSING_HOME;Sabadell, Barcelona;41.5495;2.11358;Coordenadas extremas/fuera de l√≠mites;
Fecundaci√≥n In Vitro Valencia, S.L.;Fecundaci√≥n In Vitro Valencia;Valencia;CLINIC;Valencia;39.4778;-0.3717;Coordenadas extremas/fuera de l√≠mites;
Colisee Madrid;Colisee Madrid;Madrid;NURSING_HOME;Madrid;40.4998;-3.68835;Coordenadas extremas/fuera de l√≠mites;
Colisee Tarragona;Colisee Tarragona;Tarragona;NURSING_HOME;Tarragona;41.1576;1.24594;Coordenadas extremas/fuera de l√≠mites;
Colisee Castell√≥n;Colisee Castell√≥n;Castell√≥n;NURSING_HOME;Castell√≥n;39.9939;-0.0725;Coordenadas extremas/fuera de l√≠mites;
Colisee Salamanca;Colisee Salamanca;Salamanca;NURSING_HOME;Salamanca;40.9481;-5.6705;Coordenadas extremas/fuera de l√≠mites;
Colisee Bilbao;Colisee Bilbao;Bilbao;NURSING_HOME;Bilbao;43.2537;-2.9389;Coordenadas extremas/fuera de l√≠mites;
Hospital General De Granollers;Hospital General de Granollers (Fundaci√≥ Privada Hospital Asil de Granollers);Granollers;HOSPITAL;Avinguda Francesc Ribas s/n, 08402 Granollers;41.6056;2.2975;Coordenadas extremas/fuera de l√≠mites;204.0
Hospital d'Atenci√≥ Interm√®dia Mutuam Girona;Hospital d'Atenci√≥ Interm√®dia Mutuam Girona;Barcelona;SOCIAL_HEALTHCARE_CENTER;Barcelona;41.9875;2.8211;Coordenadas extremas/fuera de l√≠mites;
Centre de Salut Granollers (CSG);Centre de Salut Granollers;Granollers;HEALTH_CENTER;Granollers, Barcelona;41.6097;2.287;Coordenadas extremas/fuera de l√≠mites;210.0
Fresenius - Hospitalet;Fresenius Hospitalet;Hospitalet de Llobregat;CLINIC;Hospitalet de Llobregat, Barcelona;41.35974;2.10905;Coordenadas extremas/fuera de l√≠mites;212.0
Diaverum Pineda de Mar;Diaverum Pineda de Mar;Pineda de Mar;CLINIC;Pineda de Mar, Barcelona;41.6288;2.68967;Coordenadas extremas/fuera de l√≠mites;
Diaverum Matar√≥;Diaverum Matar√≥;Matar√≥;CLINIC;Matar√≥, Barcelona;41.539;2.4445;Coordenadas extremas/fuera de l√≠mites;220.0
Hospital de Barcelona;;;;;41.38989;2.13007;;7.0
Cl√≠nica Sagrada Familia;Cl√≠nica Sagrada Familia;Barcelona;TO_BE_DETERMINED;Carrer de Torras i Pujalt, 1, 08022;41.4006703;2.1347821;Geocoded via OpenStreetMap Nominatim - 1-9, Carrer de Torras i Pujalt, Sant Gervasi, Sant Gervasi - la Bonanova, Sarri√† - Sant Gervasi, Barcelona, Barcelon√®s, Barcelona, Catalunya, 08022, Espa√±a;6.0
Cl√≠nica Nostra Senyora del Remei;Cl√≠nica Nostra Senyora del Remei;Barcelona;TO_BE_DETERMINED;C/ de l'Escorial, 148, 08024;41.4096036;2.1596101;Geocoded via OpenStreetMap Nominatim - 130,132,134,136,138,140,142,144,146,148, Carrer de l'Escorial, Gr√†cia Nova, el Camp d'en Grassot i Gr√†cia Nova, Gr√†cia, Barcelona, Barcelon√®s, Barcelona, Catalunya, 08024, Espa√±a;8.0
Cl√≠nica Mi Tres Torres;Cl√≠nica Mi Tres Torres;Barcelona;TO_BE_DETERMINED;Carrer del Dr. Roux, 76, 08017;41.3992267;2.1288377;Geocoded via OpenStreetMap Nominatim - 76, Carrer del Doctor Roux, les Tres Torres, Sarri√† - Sant Gervasi, Barcelona, Barcelon√®s, Barcelona, Catalunya, 08022, Espa√±a;9.0
Hospital El Pilar;Hospital El Pilar;Barcelona;TO_BE_DETERMINED;C/ de Balmes, 271, 08006;41.4002814;2.1481443;Geocoded via OpenStreetMap Nominatim - Cirugia Estetica Secundaria, 271, Carrer de Balmes, Farr√≥, Galvany, Gr√†cia, Barcelona, Barcelon√®s, Barcelona, Catalunya, 08006, Espa√±a;12.0
Centro M√©dico Teknon;Centro M√©dico Teknon;Barcelona;TO_BE_DETERMINED;Carrer de Vilana, 12, 08022;41.4054614;2.1283592;Geocoded via OpenStreetMap Nominatim - 12, Carrer de Vilana, Sant Gervasi - la Bonanova, Sarri√† - Sant Gervasi, Barcelona, Barcelon√®s, Barcelona, Catalunya, 08022, Espa√±a;13.0
HLA Cl√≠nica Internacional Barcelona;HLA Cl√≠nica Internacional Barcelona;Barcelona;TO_BE_DETERMINED;Carrer d'Angl√≠, 38, 08017;41.4010924;2.12512;Geocoded via OpenStreetMap Nominatim - 40-38, Carrer d'Angl√≠, les Tres Torres, Sarri√† - Sant Gervasi, Barcelona, Barcelon√®s, Barcelona, Catalunya, 08034, Espa√±a;14.0
Hospital Quir√≥nsalud Barcelona;Hospital Quir√≥nsalud Barcelona;Barcelona;TO_BE_DETERMINED;Pla√ßa d'Alfonso Com√≠n, 5, 08023;41.415833;2.1384498;Geocoded via OpenStreetMap Nominatim - Hospital Quironsalud, 5,7, Pla√ßa d'Alfonso Com√≠n, els Penitents, Vallcarca i els Penitents, Barcelona, Barcelon√®s, Barcelona, Catalunya, 08023, Espa√±a;15.0
Cl√≠nica Sant Antoni;Cl√≠nica Sant Antoni;Barcelona;TO_BE_DETERMINED;C/ de Sant Eloi, 6, 8, 08038;41.3851;2.1734;Geocoded via city lookup - Barcelona;16.0
Fundaci√≥ Puigvert;Fundaci√≥ Puigvert;Barcelona;TO_BE_DETERMINED;C. de Cartagena, 340, 350, 08025;41.3851;2.1734;Geocoded via city lookup - Barcelona;17.0
Hospital HM Nens;Hospital HM Nens;Barcelona;TO_BE_DETERMINED;C/ del Consell de Cent, 437, 08009;41.3973567;2.1738611;Geocoded via OpenStreetMap Nominatim - 437, Carrer del Consell de Cent, la Dreta de l'Eixample, Eixample, Barcelona, Barcelon√®s, Barcelona, Catalunya, 08009, Espa√±a;18.0
Hospital HM Nou Delfos;Hospital HM Nou Delfos;Barcelona;TO_BE_DETERMINED;Av. de Vallcarca, 151, 08023;41.4137862;2.1423054;Geocoded via OpenStreetMap Nominatim - HM Nou Delfos, 151, Avinguda de Vallcarca, els Penitents, Vallcarca i els Penitents, Gr√†cia, Barcelona, Barcelon√®s, Barcelona, Catalunya, 08023, Espa√±a;19.0
Uros Associats | Cl√≠nica Sagrada Fam√≠lia;Uros Associats | Cl√≠nica Sagrada Fam√≠lia;Barcelona;TO_BE_DETERMINED;Carrer de Torras i Pujalt, 11, Edifici Consultoris, Despatx 2.9;41.3851;2.1734;Geocoded via city lookup - Barcelona;21.0
Uros Associats | Teknon;Uros Associats | Teknon;Barcelona;TO_BE_DETERMINED;Carrer de la Marquesa de Vilallonga, 12, Edifici Marquesa, Consultori, 13;41.3851;2.1734;Geocoded via city lookup - Barcelona;22.0
Hospital Universitari Dexeus;Hospital Universitari Dexeus;Barcelona;TO_BE_DETERMINED;Carrer de Sabino Arana, 19 Ed;41.3851;2.1734;Geocoded via city lookup - Barcelona;23.0
Hospital Universitario de Torrej√≥n;Hospital Universitario de Torrej√≥n;Madrid;TO_BE_DETERMINED;C. Mateo Inurria, 28850 Torrej√≥n de Ardoz;40.4642371;-3.4362634;Geocoded via OpenStreetMap Nominatim - Calle de Mateo Inurria, Barrio de Soto del Henares, Torrej√≥n de Ardoz, Comunidad de Madrid, 28859, Espa√±a;25.0
üö® Turno Urgente;üö® Turno Urgente;Barcelona;TO_BE_DETERMINED;Barcelona;41.3825802;2.177073;Geocoded via OpenStreetMap Nominatim - Barcelona, Barcelon√®s, Barcelona, Catalunya, Espa√±a;27.0
Cl√≠nica CEMTRO;Cl√≠nica CEMTRO;Madrid;TO_BE_DETERMINED;Av. del Ventisquero de la Condesa, 42, Fuencarral-El Pardo, 28035 Madrid;40.4841864;-3.7159703;Geocoded via OpenStreetMap Nominatim - Avenida del Ventisquero de la Condesa, Pe√±agrande, Fuencarral-El Pardo, Madrid, Comunidad de Madrid, 28929, Espa√±a;30.0
ICATME;ICATME;Barcelona;TO_BE_DETERMINED;Consultas Externas, Carrer Sabino de Arana, 5-19 Edificio, 2a Planta, 08028 Barcelona;41.3851;2.1734;Geocoded via city lookup - Barcelona;34.0
Hospital General de Catalunya;Hospital General de Catalunya;Sant Cugat del Vall√®s;TO_BE_DETERMINED;Carrer de Pedro i Pons, 1, 08195 Sant Cugat del Vall√®s, Barcelona;41.4735241;2.0416692;Geocoded via OpenStreetMap Nominatim - Carrer de Pedro i Pons, Mirasol, Sant Cugat del Vall√®s, Vall√®s Occidental, Barcelona, Catalunya, 08195, Espa√±a;35.0
Serortram;Serortram;Barcelona;TO_BE_DETERMINED;C/ de Balmes, 203, 4a Planta, Distrito de Sarri√†-Sant Gervasi, 08006 Barcelona;41.3851;2.1734;Geocoded via city lookup - Barcelona;37.0
Hospital Los Madro√±os;Hospital Los Madro√±os;Madrid;TO_BE_DETERMINED;M-501, Km 17, 900, 28690 Brunete, Madrid;40.4168;-3.7038;Geocoded via city lookup - Madrid;47.0
Hospital de la Santa Creu i Sant Pau;Hospital de la Santa Creu i Sant Pau;Barcelona;TO_BE_DETERMINED;C/ de Sant Quint√≠, 89, Horta-Guinard√≥, 08025 Barcelona;41.4154392;2.1752381;Geocoded via OpenStreetMap Nominatim - Centres d‚Äôatenci√≥ i seguiment - Unitat de Psiquiatria Cl√≠nica i Conductes additives. Hospital de Sant Pau, 89, Carrer de Sant Quint√≠, el Guinard√≥, Horta-Guinard√≥, Barcelona, Barcelon√®s, Barcelona, Catalunya, 08025, Espa√±a;48.0
Clinica ServiDigest;Clinica ServiDigest;Barcelona;TO_BE_DETERMINED;C/ de Balmes, 334, Sarri√†-Sant Gervasi, 08006 Barcelona;41.4032082;2.143531;Geocoded via OpenStreetMap Nominatim - 336-334, Carrer de Balmes, Farr√≥, el Putget i Farr√≥, Sarri√† - Sant Gervasi, Barcelona, Barcelon√®s, Barcelona, Catalunya, 08006, Espa√±a;49.0
PrevenJobs Terrassa;PrevenJobs Terrassa;Terrassa;TO_BE_DETERMINED;Pg. de les Lletres, n¬∫ 11, 08221 Terrassa, Barcelona;41.5693883;2.0099716;Geocoded via OpenStreetMap Nominatim - Passeig de les Lletres, Sant Pere, Terrassa, Vall√®s Occidental, Barcelona, Catalunya, 08221, Espa√±a;50.0
Hospital de d√≠a MUTUAM G√ºell;Hospital de d√≠a MUTUAM G√ºell;Barcelona;TO_BE_DETERMINED;C. de la Mare de D√©u de la Salut, 49, Gr√†cia, 08024 Barcelona;41.3851;2.1734;Geocoded via city lookup - Barcelona;53.0
Residencia Mol√≠-Via Fav√®ncia Mutuam;Residencia Mol√≠-Via Fav√®ncia Mutuam;Barcelona;TO_BE_DETERMINED;Carrer del Mol√≠, 67, Nou Barris, 08016 Barcelona;41.4446718;2.181193;Geocoded via OpenStreetMap Nominatim - 57-67, Carrer del Mol√≠, la Prosperitat, Nou Barris, Barcelona, Barcelon√®s, Barcelona, Catalunya, 08042, Espa√±a;55.0
HLA Hospital Universitario Moncloa;HLA Hospital Universitario Moncloa;MAD;TO_BE_DETERMINED; Av. de Valladolid, 83, Moncloa - Aravaca, 28008 Madrid;40.4331072;-3.7340032;Geocoded via OpenStreetMap Nominatim - Hospital HLA Universitario Moncloa, 83, Avenida de Valladolid, Casa de Campo, Moncloa-Aravaca, Madrid, Comunidad de Madrid, 28008, Espa√±a;56.0
Clinica Lluria ;Clinica Lluria ;Barcelona;TO_BE_DETERMINED;Ptge. de Mercader, 14, L'Eixample, 08008 Barcelona;41.392472;2.1598201;Geocoded via OpenStreetMap Nominatim - 14, Passatge de Mercader, la Dreta de l'Eixample, Eixample, Barcelona, Barcelon√®s, Barcelona, Catalunya, 08008, Espa√±a;57.0
Hospital Universitario San Rafael;Hospital Universitario San Rafael;MAD;TO_BE_DETERMINED;C. de Serrano, 199, Chamart√≠n, 28016 Madrid;40.4511303;-3.6795724;Geocoded via OpenStreetMap Nominatim - Hospital Universitario San Rafael, 199, Calle de Serrano, El Viso, Chamart√≠n, Madrid, Comunidad de Madrid, 28016, Espa√±a;58.0
Hospital Quir√≥nsalud Badalona;Hospital Quir√≥nsalud Badalona;Badalona;TO_BE_DETERMINED;Carrer de la Seu d'Urgell, 77, 08911 Badalona, Barcelona;41.4566804;2.2501274;Geocoded via OpenStreetMap Nominatim - Carrer de la Seu d'Urgell, Casagemes, Districte 1, Badalona, Barcelon√®s, Barcelona, Catalunya, 08911, Espa√±a;59.0
Fundaci√≥n Hospitalarias Benito Menni - Complejo Assist.;Fundaci√≥n Hospitalarias Benito Menni - Complejo Assist.;MAD;TO_BE_DETERMINED;C. Jardines, 1, 28350 Ciempozuelos, Madrid;40.4168;-3.7038;Geocoded via city lookup - MAD;60.0
Diaverum Badalona;Diaverum Badalona;Badalona;TO_BE_DETERMINED;Carrer de la Cer√†mica, 13, 08915 Badalona, Barcelona;41.4590982;2.2529729;Geocoded via OpenStreetMap Nominatim - Carrer de la Cer√†mica, les Guixeres, Districte 3, Badalona, Barcelon√®s, Barcelona, Catalunya, 08911, Espa√±a;64.0
Fundaci√≥n Instituto San Jos√©;Fundaci√≥n Instituto San Jos√©;MAD;TO_BE_DETERMINED;Avenida de la Hospitalidad s/n 28054;40.3606643;-3.7709157;Geocoded via OpenStreetMap Nominatim - Avenida de la Hospitalidad, Cuatro Vientos, Latina, Madrid, Comunidad de Madrid, 28917, Espa√±a;66.0
Hospital Quir√≥nsalud Valle del Henares;Hospital Quir√≥nsalud Valle del Henares;MAD;TO_BE_DETERMINED;Av. de la Constituci√≥n, 249, 28850 Torrej√≥n de Ardoz, Madrid, Espa√±a;40.4168;-3.7038;Geocoded via city lookup - MAD;67.0
Hospital Ruber Juan Bravo 49;Hospital Ruber Juan Bravo 49;MAD;TO_BE_DETERMINED; Calle de Juan Bravo, 49, Salamanca, 28006 Madrid;40.432612;-3.6761828;Geocoded via OpenStreetMap Nominatim - H√≥rreo IV, 49, Calle de Juan Bravo, Lista, Salamanca, Madrid, Comunidad de Madrid, 28006, Espa√±a;68.0
Residencia y Centro de D√≠a MUTUAM Sant Cugat;Residencia y Centro de D√≠a MUTUAM Sant Cugat;Barcelona;TO_BE_DETERMINED;Carrer de Santa Rosa, 1, Sant Cugat del Vall√®s, 08172;41.4759791;2.0864718;Geocoded via OpenStreetMap Nominatim - Carrer de Santa Rosa, Sant Cugat del Vall√®s, Vall√®s Occidental, Barcelona, Catalunya, 08172, Espa√±a;74.0
Hospital Sant Camil;Hospital Sant Camil;Sant Pere de Ribes;TO_BE_DETERMINED;Rda. de Sant Camil, s/n, 08810 Barcelona;41.2556666;1.7629599;Geocoded via OpenStreetMap Nominatim - Ronda de Sant Camil, Puigmolt√≥, Sant Pere de Ribes, Garraf, Barcelona, Catalunya, 08810, Espa√±a;76.0
Residencia y Centro de D√≠a MUTUAM Jaume Nualart;Residencia y Centro de D√≠a MUTUAM Jaume Nualart;Barcelona;TO_BE_DETERMINED;Carrer de l'Anoia, 8, 14, 08940 Cornell√† de Llobregat, Barcelona;41.3851;2.1734;Geocoded via city lookup - Barcelona;77.0
Hospital Universitario Quir√≥nsalud Madrid;Hospital Universitario Quir√≥nsalud Madrid;MAD;TO_BE_DETERMINED; C. Diego de Vel√°zquez, 1, 28223 Pozuelo de Alarc√≥n, Madrid;40.4023539;-3.7842333;Geocoded via OpenStreetMap Nominatim - 1, Calle Diego de Vel√°zquez, Distrito Municipal II (sin urbanizaciones), Arroyo Meaques, Madrid, Comunidad de Madrid, 28223, Espa√±a;79.0
Hospital Quir√≥nsalud Sur;Hospital Quir√≥nsalud Sur;MAD;TO_BE_DETERMINED;C. Estambul, 30, 28922 Alcorc√≥n, Madrid;40.4168;-3.7038;Geocoded via city lookup - MAD;80.0
Hospital Universitario La Luz - Quir√≥nsalud;Hospital Universitario La Luz - Quir√≥nsalud;MAD;TO_BE_DETERMINED;C. del Maestro √Ångel Llorca, 8, Chamber√≠, 28003 Madrid;40.4441529;-3.7137324;Geocoded via OpenStreetMap Nominatim - Hospital La Luz, 8, Calle del Maestro √Ångel Llorca, Vallehermoso, Chamber√≠, Madrid, Comunidad de Madrid, 28003, Espa√±a;81.0
Grupo Vivo Pio XII - Madrid;Grupo Vivo Pio XII - Madrid;MAD;TO_BE_DETERMINED; Cta. del Sagrado Coraz√≥n, 4, Chamart√≠n, 28016 Madrid;40.4168;-3.7038;Geocoded via city lookup - MAD;85.0
Diaverum - Rotellar;Diaverum - Rotellar;Barcelona;TO_BE_DETERMINED;Carrer de Concepci√≥n Arenal, 151, Sant Andreu, 08027 Barcelona;41.4205075;2.1839211;Geocoded via OpenStreetMap Nominatim - Carrer de Concepci√≥n Arenal, Navas, Sant Andreu, Barcelona, Barcelon√®s, Barcelona, Catalunya, 08027, Espa√±a;96.0
 Centre Sociosanitari El Carme - Badalona; Centre Sociosanitari El Carme - Badalona;Badalona;TO_BE_DETERMINED;Cam√≠ de Sant Jeroni de la Murtra, 60, 08917 Badalona, Barcelona;41.4678577;2.2212757;Geocoded via OpenStreetMap Nominatim - Cam√≠ de Sant Jeroni de la Murtra, Montigal√† Oriental, Canyet, Districte 3, Badalona, Barcelon√®s, Barcelona, Catalunya, 08917, Espa√±a;98.0
Hospital de Blanes;Hospital de Blanes;Blanes;TO_BE_DETERMINED;Carrer Acc√©s Cala Sant Francesc, 5, 17300 Blanes, Girona;41.685656;2.8018942;Geocoded via OpenStreetMap Nominatim - Carrer d'Acc√©s de la Cala Sant Francesc, Cala Sant Francesc, Valldolig, Blanes, la Selva, Girona, Catalunya, 17300, Espa√±a;99.0
Consorci Sanitari Integral;Consorci Sanitari Integral;Barcelona;TO_BE_DETERMINED;Av. Josep Molins, 29, 08906 L'Hospitalet de Llobregat, Barcelona;41.373582;2.1062362;Geocoded via OpenStreetMap Nominatim - Avinguda de Josep Molins, Pubilla Cases, Districte V, l'Hospitalet de Llobregat, Barcelon√®s, Barcelona, Catalunya, 08905, Espa√±a;101.0
üö® Turno Urgente - Maresme ;üö® Turno Urgente - Maresme ;Maresme;TO_BE_DETERMINED;Maresme;41.6254621;2.6804843;Geocoded via OpenStreetMap Nominatim - Maresme, Carrer del Garb√≠, Can Feliu de Merola, les Creus, Pineda de Mar, Maresme, Barcelona, Catalunya, 08397, Espa√±a;102.0
üö® Turno Urgente - Vall√®s;üö® Turno Urgente - Vall√®s;Vall√©s;TO_BE_DETERMINED;Vall√©s;38.985373;-0.5572232;Geocoded via OpenStreetMap Nominatim - Vall√©s, la Costera, Val√®ncia / Valencia, Comunitat Valenciana, 46818, Espa√±a;103.0
Fundaci√≥n Hospitalarias Madrid- Hospital General;Fundaci√≥n Hospitalarias Madrid- Hospital General;Madrid;TO_BE_DETERMINED;C. del Dr. Esquerdo, 83, Retiro, 28007 Madrid;40.4030396;-3.6731139;Geocoded via OpenStreetMap Nominatim - Calle del Doctor Esquerdo, Adelfas, Retiro, Madrid, Comunidad de Madrid, 28007, Espa√±a;105.0
Hospital Juan Cardona;Hospital Juan Cardona;A Coru√±a;TO_BE_DETERMINED;R√∫a Pardo Baz√°n, s/n, 15404 Ferrol, A Coru√±a;43.4941441;-8.2030206;Geocoded via OpenStreetMap Nominatim - R√∫a Pardo Baz√°n, A G√°ndara, Santa Ic√≠a, Nar√≥n, Ferrol, A Coru√±a, Galicia, 15406, Espa√±a;107.0
FMC Alcobendas;FMC Alcobendas;MAD;TO_BE_DETERMINED; Av. de Camilo Jos√© Cela, 56, 28108 Alcobendas, Madrid;40.4168;-3.7038;Geocoded via city lookup - MAD;111.0
 üö® Turno Urgente - Blanes; üö® Turno Urgente - Blanes;Blanes;TO_BE_DETERMINED;Blanes;41.6733361;2.7690083;Geocoded via OpenStreetMap Nominatim - Blanes, Avinguda de l'Estaci√≥, el Mas Marull, Blanes, la Selva, Girona, Catalunya, 17300, Espa√±a;115.0
Hospital Ribera Virgen de la Caridad;Hospital Ribera Virgen de la Caridad;Murcia;TO_BE_DETERMINED;C. Jorge Juan, 30, 30204 Cartagena, Murcia;37.6148645;-0.9921526;Geocoded via OpenStreetMap Nominatim - Calle Jorge Juan, Ciudad Jard√≠n, Cartagena Casco, Cartagena, Campo de Cartagena y Mar Menor, Regi√≥n de Murcia, 30204, Espa√±a;117.0
Hospital Molina De Segura;Hospital Molina De Segura;Murcia;TO_BE_DETERMINED;C. Asociaci√≥n, S/N, 30500 Molina de Segura, Murcia;37.9922;-1.1307;Geocoded via city lookup - Murcia;118.0
Parc Sanitari Pere Virgili;Parc Sanitari Pere Virgili;BCN;TO_BE_DETERMINED;Carrer d'Esteve Terradas, 30, Gr√†cia, 08023 Barcelona;41.4129436;2.1417031;Geocoded via OpenStreetMap Nominatim - Carrer d'Esteve Terradas, els Penitents, Vallcarca i els Penitents, Sarri√† - Sant Gervasi, Barcelona, Barcelon√®s, Barcelona, Catalunya, 08023, Espa√±a;122.0
Hestia Palau;Hestia Palau;BCN;TO_BE_DETERMINED;Carrer de Sant Antoni Maria Claret, 135, Horta-Guinard√≥, 08025 Barcelona;41.4100244;2.1725911;Geocoded via OpenStreetMap Nominatim - 135, Carrer de Sant Antoni Maria Claret, el Baix Guinard√≥, Horta-Guinard√≥, Barcelona, Barcelon√®s, Barcelona, Catalunya, 08025, Espa√±a;128.0
Hestia Duran i Reynals;Hestia Duran i Reynals;BCN;TO_BE_DETERMINED;Avinguda de la Granvia de l‚ÄôHospitalet, 199, 08908 L'Hospitalet de Llobregat, Barcelona;41.3452787;2.1112992;Geocoded via OpenStreetMap Nominatim - Hospital Duran i Reynals, 199-203, Avinguda de la Granvia de l'Hospitalet, Granvia Sud, Districte III, l'Hospitalet de Llobregat, Barcelon√®s, Barcelona, Catalunya, 08908, Espa√±a;130.0
CAP Progr√©s-Raval;CAP Progr√©s-Raval;BCN;TO_BE_DETERMINED;Carrer del General Weyler, 44, 08912 Badalona, Barcelona;41.4406425;2.2406852;Geocoded via OpenStreetMap Nominatim - Centro de Asistencia Primaria General Weyler (Badalona), 44, Carrer del General Weyler, Progr√©s, Districte 1, Badalona, Barcelon√®s, Barcelona, Catalunya, 08912, Espa√±a;132.0
CAP Morera Pomar;CAP Morera Pomar;BCN;TO_BE_DETERMINED;Carrer de Pere III, 1, 08915 Badalona, Barcelona;41.4609418;2.2494212;Geocoded via OpenStreetMap Nominatim - CAP Morera Pomar, 1, Carrer de Pere III, Morera, Districte 3, Badalona, Barcelon√®s, Barcelona, Catalunya, 08915, Espa√±a;142.0
Grupo Vivo - Cl√≠nica M√©dica Los Belgas;Grupo Vivo - Cl√≠nica M√©dica Los Belgas;MAD;TO_BE_DETERMINED;C. Pereda, 1-3, 28400 Collado Villalba, Madrid;40.4168;-3.7038;Geocoded via city lookup - MAD;144.0
Fresenius Sant Boi;Fresenius Sant Boi;Barcelona;TO_BE_DETERMINED;Carretera Santa Creu de Calafell, 49A;41.3052246;2.0101937;Geocoded via OpenStreetMap Nominatim - Carretera Santa Creu de Calafell, Barceloneta, Gav√†, Baix Llobregat, Barcelona, Catalunya, 08850, Espa√±a;147.0
Fresenius  Terrassa;Fresenius  Terrassa;Barcelona;TO_BE_DETERMINED;Av. de Can Jofresa, 6, 08223 Terrassa, Barcelona;41.5469056;2.023542;Geocoded via OpenStreetMap Nominatim - Avinguda de Can Jofresa, Can Jofresa, Terrassa, Vall√®s Occidental, Barcelona, Catalunya, 08223, Espa√±a;148.0
CMD SALUD CALIDAD INTEGRAL S.L.;CMD SALUD CALIDAD INTEGRAL S.L.;Barcelona;TO_BE_DETERMINED;Carreter E, Zona Franca, 40 Zona Franca- port Sants-Montju√Øc 08040;41.3851;2.1734;Geocoded via city lookup - Barcelona;150.0
CQM Clinic Maresme SL;CQM Clinic Maresme SL;Barcelona;TO_BE_DETERMINED;Carrer Lepanto 13-21, 08301 Matar√≥ ;41.3851;2.1734;Geocoded via city lookup - Barcelona;152.0
Cl√≠nica L√≥pez Ibor;Cl√≠nica L√≥pez Ibor;MAD;TO_BE_DETERMINED;Calle del Dr. Juan Jos√© L√≥pez Ibor, 2, Moncloa - Aravaca, 28035 Madrid;40.4698759;-3.7262907;Geocoded via OpenStreetMap Nominatim - Calle del Doctor Juan Jos√© L√≥pez Ibor, Ciudad Universitaria, Moncloa-Aravaca, Madrid, Comunidad de Madrid, 28035, Espa√±a;153.0
Residencia Bouco Aravaca;Residencia Bouco Aravaca;MAD;TO_BE_DETERMINED;Av. del Talgo, 53, Moncloa - Aravaca, 28023 Madrid;40.4464541;-3.7808705;Geocoded via OpenStreetMap Nominatim - 53, Avenida del Talgo, Moncloa-Aravaca, Madrid, Comunidad de Madrid, 28023, Espa√±a;154.0
Clinica Diagonal;Clinica Diagonal;BCN;TO_BE_DETERMINED;C/Sant Mateu 24-26;41.4741991;1.9794162;Geocoded via OpenStreetMap Nominatim - carrer Sant Mateu, Santa Teresita, Castellbisbal, Vall√®s Occidental, Barcelona, Catalunya, 08755, Espa√±a;160.0
COLISEE Sant Jordi;COLISEE Sant Jordi;Barcelona;TO_BE_DETERMINED;Pg. de la Vall d'Hebron, 135, 145, Horta-Guinard√≥, 08035 Barcelona;41.3851;2.1734;Geocoded via city lookup - Barcelona;161.0
COLISEE Valldoreix;COLISEE Valldoreix;Barcelona;TO_BE_DETERMINED;Rambla Moss√®n Jacint Verdaguer, 199, 08197 Valldoreix, Barcelona;41.4594871;2.051114;Geocoded via OpenStreetMap Nominatim - Rambla de Moss√®n Jacint Verdaguer, Valldoreix, Sant Cugat del Vall√®s, Vall√®s Occidental, Barcelona, Catalunya, 08197, Espa√±a;162.0
Fundaci√≥ Hospital√†ries Barcelona;Fundaci√≥ Hospital√†ries Barcelona;Barcelona;TO_BE_DETERMINED;PASSEIG VALL D'HEBRON 107-117;41.3851;2.1734;Geocoded via city lookup - Barcelona;163.0
Hospital Ruber Juan Bravo 39;Hospital Ruber Juan Bravo 39;MAD;TO_BE_DETERMINED; Calle de Juan Bravo, 39, Salamanca, 28006 Madrid;40.4327463;-3.6776668;Geocoded via OpenStreetMap Nominatim - Hospital Ruber Juan Bravo, 39, Calle de Juan Bravo, Lista, Salamanca, Madrid, Comunidad de Madrid, 28006, Espa√±a;165.0
Colisee Paral¬∑lel  La Saleta Care S.L;Colisee Paral¬∑lel  La Saleta Care S.L;Barcelona;TO_BE_DETERMINED;AVENIDA DE LES CORTS VALENCIANES, 15;41.3851;2.1734;Geocoded via city lookup - Barcelona;174.0
Hospital de Figueres;Hospital de Figueres;Figueres;TO_BE_DETERMINED;Ronda del Rector Arolas, s/n, 17600 Figueres, Girona;42.2680981;2.9550859;Geocoded via OpenStreetMap Nominatim - Ronda del Rector Arolas, Figueres, Alt Empord√†, Girona, Catalunya, 17600, Espa√±a;180.0
Resid√®ncia Bon Rep√≤s;Resid√®ncia Bon Rep√≤s;BCN;TO_BE_DETERMINED; Pg. de St. Joan, 156, Gr√†cia, 08037 Barcelona;41.4023478;2.1661452;Geocoded via OpenStreetMap Nominatim - 156,158, Passeig de Sant Joan, el Camp d'en Grassot i Gr√†cia Nova, Gr√†cia, Barcelona, Barcelon√®s, Barcelona, Catalunya, 08037, Espa√±a;184.0
Fresenius Barcelona Gl√≤ries;Fresenius Barcelona Gl√≤ries;BCN;TO_BE_DETERMINED;Carrer del Consell de Cent, 581, L'Eixample, 08013 Barcelona;41.4047727;2.1837735;Geocoded via OpenStreetMap Nominatim - 581, Carrer del Consell de Cent, la Sagrada Fam√≠lia, Eixample, Barcelona, Barcelon√®s, Barcelona, Catalunya, 08013, Espa√±a;185.0
Hospital  d'Atenci√≥ Interm√®dia Mutuam Girona;Hospital  d'Atenci√≥ Interm√®dia Mutuam Girona;Barcelona;TO_BE_DETERMINED;Avinguda Fran√ßa, 64-66;41.2356928;1.7801791;Geocoded via OpenStreetMap Nominatim - Avinguda de Fran√ßa, Rocamar, Vallpineda, Sant Pere de Ribes, Garraf, Barcelona, Catalunya, 08810, Espa√±a;207.0
Centro Asistencial Solimat Getafe;Centro Asistencial Solimat Getafe;Madrid;TO_BE_DETERMINED;Calle Irene Joliot Curie 2, 28906 Getafe;40.3027438;-3.6935145;Geocoded via OpenStreetMap Nominatim - Calle Irene Joliot-Curie, Pol√≠gono Industrial San Marcos, Getafe, Comunidad de Madrid, 28906, Espa√±a;217.0
Centro en Blanes;Centro en Blanes;Blanes;TO_BE_DETERMINED;Ctra. Malgrat 17300 Blanes, Girona;41.6748521;2.7787693;Geocoded via OpenStreetMap Nominatim - Ctra. Malgrat, Carretera de Malgrat, Mas Moixa, Blanes, la Selva, Girona, Catalunya, 17300, Espa√±a;224.0
