id,name,facility_type,other_facility_type_name,verification_status,address,address_city,address_country,address_latitude,address_longitude,address_map_link,avg_review_rating,total_review
6,Cl√≠nica Sagrada Familia,HOSPITAL,,VERIFIED,"Carrer de Torras i Pujalt, 1, 08022",Barcelona,Espa√±a,41.4008,2.13459,https://goo.gl/maps/APdVsoFi6v5FG69n8,4.7,111
7,Hospital de Barcelona,HOSPITAL,,VERIFIED,"Av. Diagonal, 660, 08034",Barcelona,Espana,41.39,2.12987,https://goo.gl/maps/ViHnWbpBowy999FZA,4.5,1641
8,Cl√≠nica Nostra Senyora del Remei,HOSPITAL,,VERIFIED,"C/ de l'Escorial, 148, 08024",Barcelona,Espana,41.4098,2.15967,https://goo.gl/maps/6vQZVR9Gehzn1Fyi6,4.4,414
9,Cl√≠nica Mi Tres Torres,HOSPITAL,,VERIFIED,"Carrer del Dr. Roux, 76, 08017",Barcelona,Espa√±a,41.3994,2.12895,https://goo.gl/maps/jPL5gfQwqCTKt5Eb7,4.9,256
10,La Vostre Llar Reig,NURSING_HOME,,VERIFIED,"Rda. del Carril, 78, 08530, La Garriga",Barcelona,Espa√±a,41.6821,2.28867,https://goo.gl/maps/gZBUwhvBixMDzPex7,,0
11,La Vostre Llar Matar√≥,NURSING_HOME,,VERIFIED,"Carrer de Tordera, 8, 08302, Matar√≥",Barcelona,Espa√±a,41.5279,2.43406,https://goo.gl/maps/gZBUwhvBixMDzPex7,,0
12,Hospital El Pilar,HOSPITAL,,VERIFIED,"C/ de Balmes, 271, 08006",Barcelona,Espa√±a,41.401,2.14811,https://maps.app.goo.gl/B9Rsay4oMGaaGG2b7,4.6,1081
13,Centro M√©dico Teknon,HOSPITAL,,VERIFIED,"Carrer de Vilana, 12, 08022",Barcelona,Espa√±a,41.4073,2.12739,https://maps.app.goo.gl/JCfrs8E5APcoytRs5,4.3,2033
14,HLA Cl√≠nica Internacional Barcelona,CLINIC,,VERIFIED,"Carrer d'Angl√≠, 38, 08017",Barcelona,Espa√±a,41.4014,2.12538,https://maps.app.goo.gl/Dc9fL5NdPMdY6m4x7,4.9,93
15,Hospital Quir√≥nsalud Barcelona,HOSPITAL,,VERIFIED,"Pla√ßa d'Alfonso Com√≠n, 5, 08023",Barcelona,Espa√±a,41.4159,2.13856,https://maps.app.goo.gl/jMBaiJza4CVLQZX48,4.7,525
16,Cl√≠nica Sant Antoni,INTERMEDIATE_CARE_CENTER,,VERIFIED,"C/ de Sant Eloi, 6, 8, 08038",Barcelona,Espa√±a,41.3562,2.14331,https://maps.app.goo.gl/cqPo4rry7Y3YohY86,4.6,25
17,Fundaci√≥ Puigvert,CLINIC,,VERIFIED,"C. de Cartagena, 340, 350, 08025",Barcelona,Espa√±a,41.413,2.17248,https://maps.app.goo.gl/EcxaGpMvrvvQaYCL8,4.9,134
18,Hospital HM Nens,HOSPITAL,,VERIFIED,"C/ del Consell de Cent, 437, 08009",Barcelona,Espana,41.3975,2.17378,https://maps.app.goo.gl/hkD3gZKs2Av8PPqt5,4.6,84
19,Hospital HM Nou Delfos,HOSPITAL,,VERIFIED,"Av. de Vallcarca, 151, 08023",Barcelona,Espana,41.4135,2.1425,https://maps.app.goo.gl/M7Kii4mSnxWBhoet9,4.9,123
20,Hospital HM Sant Jordi,HOSPITAL,,VERIFIED,"Pla√ßa de l'Estaci√≥, 12, 08030",Barcelona,Espana,41.4368,2.19285,https://maps.app.goo.gl/V5CnVKDKBLSw1LLV7,,0
21,Uros Associats | Cl√≠nica Sagrada Fam√≠lia,CLINIC,,VERIFIED,"Carrer de Torras i Pujalt, 11, Edifici Consultoris, Despatx 2.9",Barcelona,Espa√±a,41.4001,2.13442,https://maps.app.goo.gl/eexS39vaitFfp8518,4.7,3
22,Uros Associats | Teknon,HOSPITAL,,VERIFIED,"Carrer de la Marquesa de Vilallonga, 12, Edifici Marquesa, Consultori, 13",Barcelona,Espa√±a,41.4058,2.12715,https://maps.app.goo.gl/cfWuQGoBpz3bGD1Y8,5.0,14
23,Hospital Universitari Dexeus,HOSPITAL,,VERIFIED,"Carrer de Sabino Arana, 19 Ed",Barcelona,Espana,41.3851,2.12568,https://maps.app.goo.gl/KXvdRkXeMrGTokx7A,4.4,718
24,Instituto Guttmann,CLINIC,,VERIFIED,"Cam√≠ de Can Ruti, s/n, 08916, Badalona",Barcelona,Espana,41.4787,2.23695,https://maps.app.goo.gl/6UhQMxjuvkdyqGY5A,4.9,62
25,Hospital Universitario de Torrej√≥n,HOSPITAL,,VERIFIED,"C. Mateo Inurria, 28850 Torrej√≥n de Ardoz",Madrid,Espana,41.4787,-3.43526,https://maps.app.goo.gl/LQAp75RKqBdWNN1A9,4.7,759
26,üèÖ Turno Garantizado,HOSPITAL,,VERIFIED,Barcelona,Barcelona,Espa√±a,41.3874,2.1686,https://maps.app.goo.gl/Q8jtCMuWBDeShFCn6,,0
27,üö® Turno Urgente,HOSPITAL,,VERIFIED,Barcelona,Barcelona,Espa√±a,41.3874,2.1686,https://maps.app.goo.gl/Q8jtCMuWBDeShFCn6,,0
28,üö® Turno Urgente,HOSPITAL,,VERIFIED,Madrid,Madrid,Espa√±a,40.4149,-3.69791,https://maps.app.goo.gl/Z74uugUidEP75VfS8,,0
29,Hospital Esperit Sant,HOSPITAL,,VERIFIED,"Avinguda Moss√®n Josep Pons i Rabad√†, s/n, 08923 Santa Coloma de Gramenet",Barcelona,Espa√±a,41.4379,2.21324,https://maps.app.goo.gl/Cq11DcFBhSXMmVu3A,,0
30,Cl√≠nica CEMTRO,CLINIC,,VERIFIED,"Av. del Ventisquero de la Condesa, 42, Fuencarral-El Pardo, 28035 Madrid",Madrid,Espana,40.494,-3.71705,https://maps.app.goo.gl/UHRna8UKhG7s1qpY8,5.0,137
31,Mutua Terrassa,HOSPITAL,,VERIFIED,"Pla√ßa del Doctor Robert, 5, 08221 Terrassa",Terrassa,Espana,41.5637,2.01712,https://maps.app.goo.gl/k74vvdLE2A9Lbfdu5,4.7,147
32,H. U. San Francisco de Asis,HOSPITAL,,VERIFIED,"C. de Joaqu√≠n Costa, 28, Chamart√≠n, 28002 Madrid",Madrid,Espana,4044270000000000.0,-3683630000000000.0,https://maps.app.goo.gl/dt3TjNuPkEKXvuiW8,4.6,555
33,Centro en Madrid,HOSPITAL,,VERIFIED,Madrid,Madrid,Espa√±a,40.4149,-3.69791,https://maps.app.goo.gl/Z74uugUidEP75VfS8,,0
34,ICATME,CLINIC,,VERIFIED,"Consultas Externas, Carrer Sabino de Arana, 5-19 Edificio, 2a Planta, 08028 Barcelona",Barcelona,Espana,4138520000000000.0,2.12638e+16,https://maps.app.goo.gl/TyVu5jBPBb5xfC8E6,4.5,88
35,Hospital General de Catalunya,HOSPITAL,,VERIFIED,"Carrer de Pedro i Pons, 1, 08195 Sant Cugat del Vall√®s, Barcelona",Sant Cugat del Vall√®s,Espana,414753000000000.0,2.0442e+16,https://maps.app.goo.gl/whqdkd6RmDR3oL8g8,4.6,1556
36,Hospital Quir√≥nsalud del Vall√®s,HOSPITAL,,VERIFIED,"Passeig de Rubi√≥ i Ors, 23, 08203 Sabadell",El Vall√®s,Espana,4.15323e+16,2117420000000000.0,https://maps.app.goo.gl/ot6FTu1Uyhpq6Tge9,4.8,601
37,Serortram,CLINIC,,VERIFIED,"C/ de Balmes, 203, 4a Planta, Distrito de Sarri√†-Sant Gervasi, 08006 Barcelona",Barcelona,Espana,4139790000000000.0,2.15141e+16,https://www.google.com/maps/place//data=!4m2!3m1!1s0x12a49860f25e442f:0x95a7ad85b032c3b4?sa=X&ved=2ahUKEwiv2eCmzcmEAxU6g_0HHXDtAI0Q4kB6BAg1EAA,5.0,1
38,Intem - Hospital del Mar,HOSPITAL,,VERIFIED,"Pg Mar√≠tim de la Barceloneta, 25, 29, 08003 Barcelona",Barcelona,Espana,4138410000000000.0,2194030000000000.0,"https://www.google.com/maps/place/Hospital+del+Mar/@41.3845118,2.1939045,17z/data=!3m1!4b1!4m6!3m5!1s0x12a4a308851d9f7d:0x9973e0e4ba540a65!8m2!3d41.3845118!4d2.1939045!16s%2Fg%2F121hdv_r?entry=ttu",5.0,12
39,Instituto Clavel Gr√†cia,CLINIC,,VERIFIED,"Pla√ßa d'Alfonso Com√≠n, 7, Gr√†cia, 08023 Barcelona",Barcelona,Spain,4141580000000000.0,2.13861e+16,https://maps.app.goo.gl/oDLXrgAirr78aNgT8,4.8,4
42,Hospital San Juan de Dios de Martorell,HOSPITAL,,VERIFIED,"Av. Mancomunitats Comarcals, 1, 3, 08760 Martorell, Barcelona",Martorell,Spain,4147180000000000.0,1.92025e+16,"https://www.google.com/maps/place/Fundaci%C3%B3+Hospital+Sant+Joan+de+D%C3%A9u+de+Martorell/@41.471787,1.9190171,18z/data=!3m1!4b1!4m6!3m5!1s0x12a48eda68b984b5:0x1856cb02fbc983e1!8m2!3d41.471785!4d1.9203046!16s%2Fg%2F1v79yg31?entry=ttu",4.6,219
43,Turnos de verano,HOSPITAL,,VERIFIED,Barcelona,Barcelona o Vall√©s,Espa√±a,41.387,2.169,https://maps.app.goo.gl/Q8jtCMuWBDeShFCn6,,0
44,Clinica Antiaging,CLINIC,,VERIFIED,"Ronda del General Mitre, 84, Sarri√†-Sant Gervasi, 08021 Barcelona",Barcelona,Spain,41.4,2.135,https://maps.app.goo.gl/nLhki71LidTnAYRL9,5.0,1
45,Instituto Oftalmolog√≠a Castanera,CLINIC,,VERIFIED,"Via Augusta 20, 2 Gracia 08006",Barcelona,Spain,41.4,2.155,https://maps.app.goo.gl/oBEwHdVf9g592Yeg9,5.0,2
46,Casal de Curaci√≥,INTERMEDIATE_CARE_CENTER,,VERIFIED,"Casal de Curaci√≥, C. de Maria Vidal, 48, 08340 Vilassar de Mar, Barcelona",Barcelona,Spain,41.501,2.387,https://maps.app.goo.gl/JTeUcfSN11zme32q7,4.2,9
47,Hospital Los Madro√±os,HOSPITAL,,VERIFIED,"M-501, Km 17, 900, 28690 Brunete, Madrid",Madrid,Spain,40.399,-3.999,https://maps.app.goo.gl/WdusfFDH7ciSAYEb9,4.5,8
48,Hospital de la Santa Creu i Sant Pau,HOSPITAL,,VERIFIED,"C/ de Sant Quint√≠, 89, Horta-Guinard√≥, 08025 Barcelona",Barcelona,Espana,4.14147e+16,2.17432e+16,https://maps.app.goo.gl/rtxdMj3ZfoxzzWJt5,4.5,391
49,Clinica ServiDigest,CLINIC,,VERIFIED,"C/ de Balmes, 334, Sarri√†-Sant Gervasi, 08006 Barcelona",Barcelona,Spain,41.403,2.144,https://maps.app.goo.gl/6em5nbhSWcUWC3Cp6,5.0,23
50,PrevenJobs Terrassa,OCCUPATIONAL_HEALTH_AND_SAFETY_CENTER,,VERIFIED,"Pg. de les Lletres, n¬∫ 11, 08221 Terrassa, Barcelona",Terrassa,Barcelona,41.571,2.01,https://maps.app.goo.gl/y33onhAq3gvk2UsZA,3.0,2
51,Cl√≠nica Galatea,CLINIC,,VERIFIED,"Carrer de Palafolls, 15, Sarri√†-Sant Gervasi, 08017 Barcelona",Barcelona,Spain,41.411,2.114,https://maps.app.goo.gl/LDqLSJ2RR9qQJhE86,5.0,15
52,Cl√≠nica E√°tica,CLINIC,,VERIFIED,"Carrer d'Angl√≠, 64, Distrito de Sarri√†-Sant Gervasi, 08017 Barcelona",BCN,Spain,41.404,2.122,https://maps.app.goo.gl/DwKT4Ma7hDnkUQ4w9,,0
53,Hospital de d√≠a MUTUAM G√ºell,NURSING_HOME,,VERIFIED,"C. de la Mare de D√©u de la Salut, 49, Gr√†cia, 08024 Barcelona",Barcelona,Spain,41.412,2.157,https://maps.app.goo.gl/A4wQAfcbPTRVHBuS9,5.0,17
54,Centro Assistencial Mutuam Collserola,NURSING_HOME,,VERIFIED,"Pg. de la Vall d'Hebron, 159, 169, Horta-Guinard√≥, 08035 Barcelona",Barcelona,Spain,41.435,2.147,https://g.co/kgs/6Kx6vKQ,,0
55,Residencia Mol√≠-Via Fav√®ncia Mutuam,NURSING_HOME,,VERIFIED,"Carrer del Mol√≠, 67, Nou Barris, 08016 Barcelona",Barcelona,Spain,41.446,2.182,https://maps.app.goo.gl/xJ8vSEqUyneXh9mJA,4.5,2
56,HLA Hospital Universitario Moncloa,HOSPITAL,,VERIFIED," Av. de Valladolid, 83, Moncloa - Aravaca, 28008 Madrid",MAD,Spain,40.433,-3.734,https://maps.app.goo.gl/yd9Gn6LUtAb2KU5AA,5.0,7
57,Clinica Lluria ,CLINIC,,VERIFIED,"Ptge. de Mercader, 14, L'Eixample, 08008 Barcelona",Barcelona,Spain,41.393,2.16,https://maps.app.goo.gl/Ab4ATScfyYgEupL77,4.9,44
58,Hospital Universitario San Rafael,HOSPITAL,,VERIFIED,"C. de Serrano, 199, Chamart√≠n, 28016 Madrid",MAD,Spain,40.453,-3.682,https://maps.app.goo.gl/gpJWxG64H2ryFhkq9,4.9,75
59,Hospital Quir√≥nsalud Badalona,HOSPITAL,,VERIFIED,"Carrer de la Seu d'Urgell, 77, 08911 Badalona, Barcelona",Badalona,Spain,41.462,2.251,https://maps.app.goo.gl/WdRby16NvkpDLoKf7,4.9,226
60,Fundaci√≥n Hospitalarias Benito Menni - Complejo Assist.,CLINIC,,VERIFIED,"C. Jardines, 1, 28350 Ciempozuelos, Madrid",MAD,SPAIN,40.157,-3.619,https://maps.app.goo.gl/q2igg63cYh4qLtNF6,4.3,4
61,CRA Barcelona,CLINIC,,VERIFIED," Carrer del Mestre Nicolau, 9, Sarri√†-Sant Gervasi, 08021 Barcelona",BCN,SPAIN,41.393,2141880000000000.0,https://maps.app.goo.gl/9CsKDieQqqVoEGZj6,5.0,1
62,Centre Sanitari Can Mora,CLINIC,,VERIFIED,"Carrer de Sant Jordi, 37, 08172 Sant Cugat del Vall√®s, Barcelona",Barcelona,Spain,41.468,2.082,https://maps.app.goo.gl/nYijF56Xqm4rpaxh7,4.6,23
63,Diaverum IHB,CLINIC,,VERIFIED,"C/ d'Ar√≠stides Maillol, 15, Les Corts, 08028 Barcelona",Barcelona,Spain,41.379,2.119,https://maps.app.goo.gl/JAQ448crwedGeUNW6,4.7,6
64,Diaverum Badalona,CLINIC,,VERIFIED,"Carrer de la Cer√†mica, 13, 08915 Badalona, Barcelona",Badalona,Spain,41.46,2.255,https://maps.app.goo.gl/SkwFDYtxj4FA4tT88,5.0,9
65,Clinica San Vicente,CLINIC,,VERIFIED,"C. Cerilleras, 7A, Carabanchel, 28054 Madrid",Carabanchel,Spain,40.372,-3.727,https://maps.app.goo.gl/bBw1H991Qnd6rxrv8,,0
66,Fundaci√≥n Instituto San Jos√©,INTERMEDIATE_CARE_CENTER,,VERIFIED,Avenida de la Hospitalidad s/n 28054,MAD,Spain,40.363,-3.772,https://maps.app.goo.gl/mYmK6FcQ8zBDmPNt5,4.7,76
67,Hospital Quir√≥nsalud Valle del Henares,HOSPITAL,,VERIFIED,"Av. de la Constituci√≥n, 249, 28850 Torrej√≥n de Ardoz, Madrid, Espa√±a",MAD,Spain,40.465,-3.441,https://maps.app.goo.gl/rNJa4SF1LkK63E3W9,4.9,8
68,Hospital Ruber Juan Bravo 49,HOSPITAL,,VERIFIED," Calle de Juan Bravo, 49, Salamanca, 28006 Madrid",MAD,Spain,40.438,-3.677,https://maps.app.goo.gl/d2G9ReA35vbWKzZs6,4.5,284
69,Hospital Sant Jaume de Calella,HOSPITAL,,VERIFIED,"Carrer de Sant Jaume, 209, 217, 08370 Calella, Barcelona",Maresme,Spain,41.615,2.657,https://maps.app.goo.gl/DPpNc7VETzKY8ozA8,4.6,607
70,Residencia y Centro de D√≠a Rub√≠,NURSING_HOME,,VERIFIED,"C/ Lepant, 31-33 08191, Rub√≠ ",Rubi,Spain,41.501,2.035,https://maps.app.goo.gl/aDdpMyomJ8SaMY7z6,,0
72,Konic Health,CLINIC,,VERIFIED,Pl. de la Bonanova,BCN,Spain,41.407,2.134,https://maps.app.goo.gl/zrmt7vXceC7aUbci9,,0
73,Grupo Vivo - UNIDAD MOVIL PET TAC- Granollers,CLINIC,,VERIFIED," Carrer de Francesc Ribas, s/n, 08402 Granollers, Barcelona",Granollers,Espa√±a,4.13863e+16,2.12412e+16,https://maps.app.goo.gl/EcFJ1jqYaioNGy5h6,4.7,12
74,Residencia y Centro de D√≠a MUTUAM Sant Cugat,NURSING_HOME,,VERIFIED,"Carrer de Santa Rosa, 1, Sant Cugat del Vall√®s, 08172",Barcelona,Spain,41.472,2.076,https://g.co/kgs/SMJcaUX,4.0,1
75,Hospital Comarcal de l'Alt Pened√®s,HOSPITAL,,VERIFIED,"Carrer de l'Espirall, s/n, 08720 Vilafranca del Pened√®s, Barcelona",Vilafranca del Pened√©s,Spain,41.359,1.706,https://maps.app.goo.gl/UDXean45Gskv8dC76,,0
76,Hospital Sant Camil,HOSPITAL,,VERIFIED,"Rda. de Sant Camil, s/n, 08810 Barcelona",Sant Pere de Ribes,Espa√±a,41.267,1.767,https://maps.app.goo.gl/BZTgmhjc4RibxpuKA,4.8,23
77,Residencia y Centro de D√≠a MUTUAM Jaume Nualart,NURSING_HOME,,VERIFIED,"Carrer de l'Anoia, 8, 14, 08940 Cornell√† de Llobregat, Barcelona",Barcelona,Spain,41.354,2.066,https://g.co/kgs/8GKHfcv,,0
78,Grupo Vivo - UNIDAD MOVIL PET TAC- Les Corts,CLINIC,,VERIFIED,"Carrer de Sabino Arana, 1, Les Corts, 08028 Barcelona",Barcelona,Spain,41.386,2.124,https://maps.app.goo.gl/qjZDdQZxax2i1tr9A,4.5,13
79,Hospital Universitario Quir√≥nsalud Madrid,HOSPITAL,,VERIFIED," C. Diego de Vel√°zquez, 1, 28223 Pozuelo de Alarc√≥n, Madrid",MAD,Spain,40.441,-3.813,https://g.co/kgs/2dwrx76,4.6,219
80,Hospital Quir√≥nsalud Sur,HOSPITAL,,VERIFIED,"C. Estambul, 30, 28922 Alcorc√≥n, Madrid",MAD,Spain,40.347,-3.83,https://g.co/kgs/mt8K84S,4.5,20
81,Hospital Universitario La Luz - Quir√≥nsalud,HOSPITAL,,VERIFIED,"C. del Maestro √Ångel Llorca, 8, Chamber√≠, 28003 Madrid",MAD,Spain,40.443,-3.705,https://g.co/kgs/m61VzAm,4.5,32
82,Grupo Vivo Salesas - Madrid ,CLINIC,,VERIFIED,"Calle del Almirante, 13,  28004 Madrid",MAD,Spain,40.425,-3.692,https://g.co/kgs/Ych9dsm,,0
83,Resid√®ncia Sant Joan de D√©u,NURSING_HOME,,VERIFIED,"Av. Cam√≠ Fondo, 22, 08760 Martorell, Barcelona",BCN,Spain,41.482,1.923,https://g.co/kgs/voEYY89,,0
84,TMEH - Teknon,HOSPITAL,,VERIFIED,"Carrer de Vilana, 12, Sarri√†-Sant Gervasi, 08022 Barcelona",BCN,Spain,41.401,2.135,https://g.co/kgs/XmJAAdB,,0
85,Grupo Vivo Pio XII - Madrid,CLINIC,,VERIFIED," Cta. del Sagrado Coraz√≥n, 4, Chamart√≠n, 28016 Madrid",MAD,Spain,40.466,-3.674,https://g.co/kgs/HwM97YW,4.8,19
86,Laboratorio Echevarne Matar√≥,CLINICAL_LABORATORY,,VERIFIED,"Carrer de Sant Antoni, 11, 08301 Matar√≥, Barcelona",Maresme,Spain,41.54,2.444,https://maps.app.goo.gl/hVDQ6E5qiLMkbpoB8,5.0,1
87,Laboratorio Echevarne Granollers,CLINICAL_LABORATORY,,VERIFIED,"Carrer de Girona, 66, 08402 Granollers, Barcelona",Vall√®s,Spain,41.607,2.288,https://maps.app.goo.gl/3bqBLaMS2EnCyQAL7,5.0,33
88,Laboratorio Echevarne Terrassa,CLINICAL_LABORATORY,,VERIFIED,"Carrer de Galileu, 325, 08224 Terrassa, Barcelona",Terrassa,Spain,41.564,2.012,https://maps.app.goo.gl/FombkLAohwRkCiXV8,4.7,3
89,Laboratorio Echevarne Sant Cugat,CLINICAL_LABORATORY,,VERIFIED,"Carrer de Martorell, 20, 22 Local 2, 08172 Sant Cugat del Vall√®s, Barcelona",Sant Cugat,Spain,41.475,2.087,https://maps.app.goo.gl/RftHniB8EsJ6KEQS8,5.0,1
90,Laboratorio Echevarne Barcelona,CLINICAL_LABORATORY,,VERIFIED,"Carrer de Proven√ßa, 312, L'Eixample, 08037 Barcelona",BCN,Spain,41.396,2.164,https://maps.app.goo.gl/qDAPwRkFf8ePQZzP7,,0
91,Eventos,MEDICAL_TRANSPORTATION,,VERIFIED,Barcelona,BCN,BCN,41399200.0,2169910.0,https://maps.app.goo.gl/1wBiQQGjsejyEMeP8,,0
92,Laboratorio Echevarne Castelldefels,CLINICAL_LABORATORY,,VERIFIED,"Av. de la Constituci√≥, 185, 187, 08860 Castelldefels, Barcelona",Baix Llobregat,Spain,41.283,1.977,https://maps.app.goo.gl/YiWpPGCXzZHJKv5J6,,0
94,Diaverum - Virgen de Montserrat,CLINIC,,VERIFIED,"C/ Grau de Sant Andreu, 467, 08030",Sant Andreu,Spain,41.443,2.188,https://g.co/kgs/Jif3puo,5.0,6
95,Diaverum Palau,CLINIC,,VERIFIED,"C/ Sant Antonio Maria Claret, 135",BCN,SPAIN,41.41,2.173,https://maps.app.goo.gl/2ytrU3dTJQDYFZS87,,0
96,Diaverum - Rotellar,CLINIC,,VERIFIED,"Carrer de Concepci√≥n Arenal, 151, Sant Andreu, 08027 Barcelona",Barcelona,SPAIN,41.427,2.184,https://maps.app.goo.gl/HuNWzYC91tb6FTvJA,4.0,1
97, Hospital Municipal de Badalona,HOSPITAL,,VERIFIED,"Via Augusta, 9-13, 08911 Badalona, Barcelona",BCN,Spain,41.451,2.248,https://g.co/kgs/B9hNVYh,5.0,2
98, Centre Sociosanitari El Carme - Badalona,INTERMEDIATE_CARE_CENTER,,VERIFIED,"Cam√≠ de Sant Jeroni de la Murtra, 60, 08917 Badalona, Barcelona",Badalona,Spain,41.469,2.229,https://g.co/kgs/4sJF3ES,4.8,66
99,Hospital de Blanes,HOSPITAL,,VERIFIED,"Carrer Acc√©s Cala Sant Francesc, 5, 17300 Blanes, Girona",Blanes,Spain,41.688,2.802,https://maps.app.goo.gl/XsChHS6E3G8U6hbk8,4.9,128
100,Hospital Ribera Povisa,HOSPITAL,,VERIFIED,"R√∫a de Salamanca, 5, Freixeiro, 36211 Vigo, Pontevedra",Pontevedra,Spain,42.224,-8.72,https://maps.app.goo.gl/evzqfxwqWA96F1m1A,,0
101,Consorci Sanitari Integral,HOSPITAL,,VERIFIED,"Av. Josep Molins, 29, 08906 L'Hospitalet de Llobregat, Barcelona",Barcelona,Espa√±a,41.375,2.106,https://maps.app.goo.gl/5iK8wt97ojs73RfR9,,0
102,üö® Turno Urgente - Maresme ,HOSPITAL,,VERIFIED,Maresme,Maresme,Espa√±a,41.538,2.445,https://maps.app.goo.gl/Ruv955uCzHqMQHVm8,,0
103,üö® Turno Urgente - Vall√®s,HOSPITAL,,VERIFIED,Vall√©s,Vall√©s,Espa√±a,41.468,2.078,https://maps.app.goo.gl/3Y1EnrM1DBtkekvn9,,0
105,Fundaci√≥n Hospitalarias Madrid- Hospital General,HOSPITAL,,VERIFIED,"C. del Dr. Esquerdo, 83, Retiro, 28007 Madrid",Madrid,"Spain, ",40.419,-3.668,https://maps.app.goo.gl/JV1XPNfFLHpdwERk8,4.6,595
106,Hospital de Matar√≥,HOSPITAL,,VERIFIED,Consorcio Sanitario del Maresme - Hospital de Matar√≥,Mataro,spain,41.556,2.43,https://maps.app.goo.gl/PJzwBxDLY1z66xqd6,4.6,398
107,Hospital Juan Cardona,HOSPITAL,,VERIFIED,"R√∫a Pardo Baz√°n, s/n, 15404 Ferrol, A Coru√±a",A Coru√±a,Spain,43.481,-8.203,https://maps.app.goo.gl/utuMkQx5BRsRGvHG9,,0
109,Centro de Oftalmolog√≠a Barraquer ,CLINIC,,VERIFIED," C/ de Muntaner, 314, Sarri√†-Sant Gervasi, 08021 Barcelona",BCN,Spain,41.4,2.141,https://g.co/kgs/pRRGtDD,,0
110,FMC Dialcentro,CLINIC,,VERIFIED,"c/ Pilar Mill√°n Astray,2. 28009",Madrid,Spain ,40.416,-3.672,https://maps.app.goo.gl/kJUWwJSE2RBvtkZt9,,0
111,FMC Alcobendas,CLINIC,,VERIFIED," Av. de Camilo Jos√© Cela, 56, 28108 Alcobendas, Madrid",MAD,Spain,40.0,-3.642,https://g.co/kgs/nxhnu6F,5.0,6
112,Instituto Clavel Chamart√≠n,CLINIC,,VERIFIED,"C. de Joaqu√≠n Costa, 28, primera planta, Chamart√≠n, 28002 Madrid",MAD,Spain,40.448,-3.687,https://g.co/kgs/PoAMnZ4,,0
113,Diaverum Baix Llobregat,CLINIC,,VERIFIED,"C/ Motors, 392, planta baja  08908 Hospitalet de Llobregat",Barcelona,Spain,41.348,2.105,https://g.co/kgs/V29bjLo,,0
114,Diaverum Nephros,CLINIC,,VERIFIED,"C/ Harmon√≠a, 7 08035 Barcelona",Barcelona,Spain,41.432,2.145,https://g.co/kgs/TG31i46,,0
115, üö® Turno Urgente - Blanes,HOSPITAL,,VERIFIED,Blanes,Blanes,Espa√±a,41.676,2.787,https://g.co/kgs/vdb1iEh,,0
116,Hospital Ntra Sra del Rosario,HOSPITAL,,VERIFIED,"C. del Pr√≠ncipe de Vergara, 53, Salamanca, 28006 Madrid",Madrid,Spain,40.432,-3.68,https://maps.app.goo.gl/oTEBz8T9mBg3CxZ39,,0
117,Hospital Ribera Virgen de la Caridad,HOSPITAL,,VERIFIED,"C. Jorge Juan, 30, 30204 Cartagena, Murcia",Murcia,Spain ,37.615,-0.988,https://maps.app.goo.gl/QJ73hav2UnhD9bXa8,,0
118,Hospital Molina De Segura,HOSPITAL,,VERIFIED,"C. Asociaci√≥n, S/N, 30500 Molina de Segura, Murcia",Murcia,Spain,30.06,-1.214,https://maps.app.goo.gl/PoRYvgx9d7n2rdAq9,,0
119,Hospital Ribera Caravaca,HOSPITAL,,VERIFIED,"Calle Dr. Robles, 0, 30400 Caravaca de la Cruz, Murcia",Murcia,Spain,30.106,-1.869,https://maps.app.goo.gl/9JRxCNY3GGU7qXuh7,,0
120,Hospital Universitari Sagrat Cor,HOSPITAL,,VERIFIED," Carrer de Viladomat, 288, L'Eixample, 08029 Barcelona",BCN,Spain,41.387,2.148,https://g.co/kgs/wjsyzFi,4.0,91
121,Costa Brava,HOSPITAL,,VERIFIED,Costa Brava,Costa Brava,Espana,1.0,1.0,https://g.co/kgs/qSP4LqA,,0
122,Parc Sanitari Pere Virgili,INTERMEDIATE_CARE_CENTER,,VERIFIED,"Carrer d'Esteve Terradas, 30, Gr√†cia, 08023 Barcelona",BCN,Spain,41.414,2.142,https://g.co/kgs/CKk7YjR,4.6,110
124,Hospital Ribera Covadonga,HOSPITAL,,VERIFIED,"C. Gral. Su√°rez Vald√©s, 40, Gijon-Este, 33204 Gij√≥n, Asturias",GJN,Espa√±a,4353010000000000.0,-5.64912e+16,https://maps.app.goo.gl/Fh1pQ7hNwek9UFz1A,,0
125,Hospital de Viladecans,HOSPITAL,,VERIFIED,"Avinguda del Mil¬∑lenari, 08840 Viladecans, Barcelona",BCN,Spain,41.32,2.025,https://g.co/kgs/dXMiZvF,,0
126,Resid√®ncia i Centre de Dia Gav√†,NURSING_HOME,,VERIFIED,"Carrer de la Conc√≤rdia, 24, 08850 Gav√†, Barcelona",BCN,Spain,41.305,2.004,https://g.co/kgs/WRKL9Nr,,0
127,Cl√≠nica Corachan,HOSPITAL,,VERIFIED,"Plaza Dr, Pl. de Manuel Corach√°n, 4, Distrito de Sarri√†-Sant Gervasi, 08017 Barcelona",BCN,Spain,41.394,2.13,https://maps.app.goo.gl/M2UWhLbaEPMTyeR1A,,0
128,Hestia Palau,INTERMEDIATE_CARE_CENTER,,VERIFIED,"Carrer de Sant Antoni Maria Claret, 135, Horta-Guinard√≥, 08025 Barcelona",BCN,Spain,41.413,2.174,https://g.co/kgs/1xXALRE,3.5,9
129,Fertilab Barcelona,CLINIC,,VERIFIED,"Ronda del General Mitre, 14, Sarri√†-Sant Gervasi, 08017 Barcelona",BCN,Spain,41398.0,21340.0,https://maps.app.goo.gl/w8KWh7ZzDcLoPQPw5,,0
130,Hestia Duran i Reynals,INTERMEDIATE_CARE_CENTER,,VERIFIED,"Avinguda de la Granvia de l‚ÄôHospitalet, 199, 08908 L'Hospitalet de Llobregat, Barcelona",BCN,Spain,41.353,2.122,https://g.co/kgs/aAdLcmc,4.4,31
131,CAP Nova Lloreda 8,CAP,,VERIFIED,"Av. de Catalunya, 62, 64, 08917 Badalona, Barcelona",BCN,Spain,41.451,2.233,https://g.co/kgs/RRWySuj,5.0,5
132,CAP Progr√©s-Raval,CAP,,VERIFIED,"Carrer del General Weyler, 44, 08912 Badalona, Barcelona",BCN,Spain,41.45,2.245,https://maps.app.goo.gl/h4zYPE7sLW4LXNjX6,5.0,3
133,IOA Madrid - Miranza,CLINIC,,VERIFIED,"C. de Galileo, 104, y 110, Chamber√≠, 28003 Madrid",MAD,Spain,40.439,3.71,https://g.co/kgs/2eiTgwX,4.5,2
134,IM Clinic,CLINIC,,VERIFIED," Carrer de Victor Hugo, 24, 08174 Sant Cugat del Vall√®s, Barcelona",BCN,Spain,41.48,2.08,https://g.co/kgs/QSgKSd2,5.0,1
135,CST - Hospital Terrassa,HOSPITAL,,VERIFIED,"Carr. de Torrebonica, s/n, 08227 Terrassa, Barcelona",BCN,SPAIN,41.557,2.053,https://maps.app.goo.gl/wPwVDFwXfob992P89,4.8,58
136,CAP Apenins-Montigal√†,CAP,,VERIFIED,"Carrer Apenins, s/n, 08917 Badalona, Barcelona",BCN,Spain,41.45,2.247,https://g.co/kgs/DrSt1ey,5.0,11
137,Hospital Sant Antoni Abat,HOSPITAL,,VERIFIED,"Carrer de Sant Josep, 21, 23, 08800 Vilanova i la Geltr√∫, Barcelona",BCN,Spain,41.225,1.725,https://g.co/kgs/xCo5qGD,,0
138,CAP Montgat,CAP,,VERIFIED,"Passatge Sant Antoni Maria Claret, s/n, 08390 Montgat, Barcelona",BCN,Spain,41.469,2.281,https://g.co/kgs/KhEu3nB,5.0,16
139,CAP Nova Lloreda 10,CAP,,VERIFIED,"Av. de Catalunya, 62, 64, 08917 Badalona, Barcelona",BCN,Spain,41449700.0,2229740.0,https://g.co/kgs/rJvYkiK,5.0,7
140,Hospital HC Miraflores,HOSPITAL,,VERIFIED,"Cam. de las Torres, 51-53, 50008 Zaragoza",ZGZ,Spain,41643.0,-8781.0,https://g.co/kgs/tRkCKUn,5.0,3
141,Hospital San Juan de Dios Zaragoza,HOSPITAL,,VERIFIED,"P.¬∫ de Col√≥n, 14, 50006 Zaragoza",ZGZ,Spain,41643.0,-0.878,https://g.co/kgs/kdeJrJm,,0
142,CAP Morera Pomar,CAP,,VERIFIED,"Carrer de Pere III, 1, 08915 Badalona, Barcelona",BCN,Spain,41.449,2.232,https://g.co/kgs/VU5rRVQ,5.0,2
143,CAP Doctor Mart√≠ i Juli√†,CAP,,VERIFIED,"Av. del Baix Llobregat, 17, 08940 Cornell√† de Llobregat, Barcelona",BCN,Spain,41.348,2.078,https://g.co/kgs/dfnE4ho,,0
144,Grupo Vivo - Cl√≠nica M√©dica Los Belgas,CLINIC,,VERIFIED,"C. Pereda, 1-3, 28400 Collado Villalba, Madrid",MAD,Spain,40.635,-4.005,https://g.co/kgs/yNW9uo8,5.0,6
145,Hospital Cl√≠nic de Barcelona,HOSPITAL,,VERIFIED,"Carrer de Villarroel, 170, L'Eixample, 08036 Barcelona",BCN,Spain,41.386,2.151,https://g.co/kgs/iDxNxGj,,0
146,Hospital de Eli,HOSPITAL,,PENDING,Carrer de Plat√≥ 1,Barcelona,Espa√±a,0.0,0.0,,,0
147,Fresenius Sant Boi,CLINIC,,VERIFIED,"Carretera Santa Creu de Calafell, 49A",Barcelona,Spain,41.331,2.041,https://maps.app.goo.gl/WyB81BAq8sg26wwm8,4.2,6
148,Fresenius  Terrassa,CLINIC,,VERIFIED,"Av. de Can Jofresa, 6, 08223 Terrassa, Barcelona",Barcelona,Espa√±a,41.55,2.022,https://maps.app.goo.gl/zQrT1EydMfYuQt17A,5.0,2
149,Gerocat,NURSING_HOME,,PENDING,"C/ Xile n¬∫4 ""Urbanitzaci√≥ la Solana"" Vallirana (08759) Barcelona",Barcelona,Espa√±a,0.0,0.0,,,0
150,CMD SALUD CALIDAD INTEGRAL S.L.,MEDICAL_CENTER,,VERIFIED,"Carreter E, Zona Franca, 40 Zona Franca- port Sants-Montju√Øc 08040",Barcelona,Espa√±a,41.328,2.125,https://maps.app.goo.gl/C5WxQDkPFgp9eVaEA,5.0,2
151,GrzegorzWrzosek,HOSPITAL,,PENDING,Adres1,Barcelona,Espa√±a,0.0,0.0,,,0
152,CQM Clinic Maresme SL,CLINIC,,VERIFIED,"Carrer Lepanto 13-21, 08301 Matar√≥ ",Barcelona,Espa√±a,41.536,2.444,https://g.co/kgs/bDqrQtn,4.5,2
153,Cl√≠nica L√≥pez Ibor,CLINIC,,VERIFIED,"Calle del Dr. Juan Jos√© L√≥pez Ibor, 2, Moncloa - Aravaca, 28035 Madrid",MAD,spain,40.433,-3.722,https://g.co/kgs/ahCQAo1,,0
154,Residencia Bouco Aravaca,NURSING_HOME,,VERIFIED,"Av. del Talgo, 53, Moncloa - Aravaca, 28023 Madrid",MAD,Spain,40.447,-3.78,https://maps.app.goo.gl/R3zZyENQETR3HSeUA,4.0,1
155,Resid√®ncia i Centre de Dia Bouco Ciutat Diagonal,NURSING_HOME,,VERIFIED,"Av. la Miranda, 8, 16, 08950 Esplugues de Llobregat, Barcelona",BCN,Spain,41.384,2.086,https://g.co/kgs/73uxoV7,,0
156,LANTUS Residencias,NURSING_HOME,,VERIFIED,"Mare de D√©u dels √Ängels, 2-4, 08921 Sta. Coloma de Gramenet",Barcelona,Espa√±a,41.453,2.204,https://maps.app.goo.gl/MVSLJ7eeGcSWV28m7,,0
157,CAP Tiana,CAP,,VERIFIED,"Carrer Franci 9 (Casa de la Punxa), 08391 Tiana",BCN,Spain,41.483,2.268,https://maps.app.goo.gl/W9pyhBCMZ2p4p9YE9,,0
158,CONSULTORIO DEXEUS SAP,MEDICAL_CENTER,,PENDING,"AV GRAN VIA CARLOS III,71-75",Barcelona,Espa√±a,0.0,0.0,,,0
159,Residencia Hestia Esquerdo,NURSING_HOME,,VERIFIED,"Avenida de los Poblados, 70, 28044 Madrid",MAD,Spain,40.382,-3.758,https://maps.app.goo.gl/DGgrMrUjqnA9RZKG7,,0
160,Clinica Diagonal,HOSPITAL,,VERIFIED,C/Sant Mateu 24-26,BCN,Spain,41.372,2.083,https://g.co/kgs/ET4xurU,5.0,18
161,COLISEE Sant Jordi,NURSING_HOME,,VERIFIED,"Pg. de la Vall d'Hebron, 135, 145, Horta-Guinard√≥, 08035 Barcelona",Barcelona,Spain,41.428,2.144,https://g.co/kgs/8eykUBF,4.4,84
162,COLISEE Valldoreix,NURSING_HOME,,VERIFIED,"Rambla Moss√®n Jacint Verdaguer, 199, 08197 Valldoreix, Barcelona",Barcelona,Spain,41.465,2.066,https://g.co/kgs/sP4WuES,4.0,223
163,Fundaci√≥ Hospital√†ries Barcelona,HOSPITAL,,VERIFIED,PASSEIG VALL D'HEBRON 107-117,Barcelona,Spain,41.429,2.146,https://g.co/kgs/p9tsVRe,4.8,74
164,Fundaci√≥ Hospital√†ries Martorell,HOSPITAL,,VERIFIED,"Av. Comte Llobregat, 117 ¬∑ 08760 ¬∑ Martorell",Barcelona,Spain,41.48,1.923, https://g.co/kgs/Yuto6ay,,0
165,Hospital Ruber Juan Bravo 39,HOSPITAL,,VERIFIED," Calle de Juan Bravo, 39, Salamanca, 28006 Madrid",MAD,Spain,40.438,-3.677,https://maps.app.goo.gl/d2G9ReA35vbWKzZs6,4.9,227
167,Cl√≠nica Mu√±oz SL,CLINIC,,PENDING,A,Palencia,Espa√±a,0.0,0.0,,,0
168,Preventium Prevenci√≥n de Riesgos Laborales S.L.,OCCUPATIONAL_HEALTH_AND_SAFETY_CENTER,,PENDING,"Avenida del Llano Castellano, 13",Madrid,Espa√±a,0.0,0.0,,,0
169,Institut Marqu√®s Obstetricia i Ginecolog√≠a S.L.P.,CLINIC,,VERIFIED,"Avenida Diagonal, 662-664, 08034",Barcelona,Barcelona ,4138880.0,215899.0,https://g.co/kgs/NLrcrzp,5.0,1
170,Colisee Igualada - La Saleta Care SL,NURSING_HOME,,VERIFIED,SANT CARLES 41 08700,Igualada,Igualada,406205000.0,5896360.0,https://maps.app.goo.gl/gmtAoSCK2bbGQXMj8,,0
171,"Institut Catal√† de Retina S,L.",CLINIC,,VERIFIED,"Passeig Bonanova 22, 8022",Barcelona,Barcelona,414032.0,21260.0,https://maps.app.goo.gl/w6KM9rDxzQcYKr5UA,,0
172,HOSPITAL SAN VICENTE SL,HOSPITAL,,VERIFIED,CALLE CERILLERAS 7,Madrid,Espa√±a,0.0,0.0,,,0
173,FUNDACION HOSPITALARIAS ,HOSPITAL,,VERIFIED,"Passeig de la Vall d‚ÄôHebron, 107-117",Barcelona,Espa√±a,0.0,0.0,,,0
174,Colisee Paral¬∑lel  La Saleta Care S.L,NURSING_HOME,,VERIFIED,"AVENIDA DE LES CORTS VALENCIANES, 15",Barcelona,Barcelona ,413749.0,215332.0,https://maps.app.goo.gl/eJ9r6fCNTjit8LyM6,4.0,11
175,Activita Centre M√®dic,MEDICAL_CENTER,,VERIFIED,"Carrer de Joan Prim, 136, 146, 08402 Granollers, Barcelona",BCN,Spain,41.61,2.289,https://g.co/kgs/xrAXHrr,,0
176,"FITGYM360, S.L.",MEDICAL_CENTER,,PENDING,Carrer d'Esteve Terrades 33,Barcelona,Espa√±a,0.0,0.0,,,0
177,Start Madrid,MEDICAL_CENTER,,VERIFIED,"C. Jos√© Abascal, 56, floor 2, 28003 Madrid, Spain.",MAD,Spain,40.43,-3.69,https://maps.app.goo.gl/HNGmfaah9X3juhqe8,,0
178,PreverSalud Madrid,OCCUPATIONAL_HEALTH_AND_SAFETY_CENTER,,VERIFIED,"C. Islas Chafarinas, 21C, Fuencarral-El Pardo, 28035 Madrid",MAD,Spain,40.474,-3.712,https://g.co/kgs/V36eUNi,,0
179,PreverSalud Barcelona,OCCUPATIONAL_HEALTH_AND_SAFETY_CENTER,,VERIFIED,Calle Por definir,BCN,Spain,41.387,2.701,https://g.co/kgs/CSmuu4Z,5.0,2
180,Hospital de Figueres,HOSPITAL,,VERIFIED,"Ronda del Rector Arolas, s/n, 17600 Figueres, Girona",Figueres,Spain,42.265,2.964,https://g.co/kgs/SgoqSFd,5.0,6
181,Tur√≥ Park International Healthcare,MEDICAL_CENTER,,VERIFIED,"Plaza Sant Gregori Taumaturg n¬∫5, 08021, Barcelona",BCN,Spain,41.395,2.136,https://g.co/kgs/XtVg2z7,,0
182,Start Barcelona,MEDICAL_CENTER,,VERIFIED,"Av. de Vallcarca, 151, Gr√†cia, 08023 Barcelona",BCN,SPAIN,41.414,2.143,https://maps.app.goo.gl/65sWGWN3ZUpoyZGk8,,0
183,Uni√≥n de Mutuas Mutua Colaboradora con la Seguridad Social n¬∫267,OCCUPATIONAL_HEALTH_AND_SAFETY_CENTER,,PENDING,Avd. Virgen del Lledo n¬∫69,Castell√≥n,Espa√±a,0.0,0.0,,,0
184,Resid√®ncia Bon Rep√≤s,NURSING_HOME,,VERIFIED," Pg. de St. Joan, 156, Gr√†cia, 08037 Barcelona",BCN,Spain,41.404,2.164,https://g.co/kgs/VjdYPyr,5.0,1
185,Fresenius Barcelona Gl√≤ries,CLINIC,,VERIFIED,"Carrer del Consell de Cent, 581, L'Eixample, 08013 Barcelona",BCN,Spain,41.405,2.184,https://g.co/kgs/M91QwZG,5.0,4
186,Centro Asistencial Mutuam La Creueta,NURSING_HOME,,VERIFIED," Pla√ßa de les Vaques, 1, 08202 Sabadell, Barcelona",Sabadell,Sabadell ,415495.0,211358.0,https://maps.app.goo.gl/jWfLWiS9vzgMt1sy6,,0
187,"Fecundaci√≥n In Vitro Valencia, S.L.",CLINIC,,VERIFIED,"Carrer de Santa Rosa, 12, El Pla del Real, 46021 Val√®ncia",Valencia,Valencia,394778.0,-3717.0,https://maps.app.goo.gl/z2h9V6HEMrFV7TU3A,,0
188,Dermathos Cl√≠nica dermatol√≥gica,CLINIC,,PENDING,Reina Esclaramunda 7,Baleares,Espa√±a,0.0,0.0,,,0
189,"La Saleta Care, S.L",INTERMEDIATE_CARE_CENTER,,PENDING,"Avenida Cortes Valencianas 15, planta 7",Valencia,Espa√±a,0.0,0.0,,,0
190,Sant Andreu Salut,NURSING_HOME,,VERIFIED,"Pla√ßa de l'Hospital, 08241 Manresa, Barcelona",Manresa,Espa√±a,41.725,1.829,https://maps.app.goo.gl/WTK3wNM2J58EFkRu6,,0
191,HOTEL RESIDENCIA GERI√ÅTRICA EL ENCINAR S.L.,NURSING_HOME,,PENDING,URB. EL CORNICABRAL. CL ENCINAS S/N¬∫,Toledo,Espa√±a,0.0,0.0,,,0
192,Colisee Barcelona ,NURSING_HOME,,VERIFIED,"Rambla Moss√®n Jacint Verdaguer, 199, 08197 Valldoreix, Barcelona",Barcelona ,Barcelona ,414667.0,20667.0,https://maps.app.goo.gl/X1ZGTU7uVJPq9Jze6,,0
193,Colisee Zaragoza ,NURSING_HOME,,VERIFIED,"C. Martincho, 5, Santa Isabel, 50016 Zaragoza",Zaragoza,Zaragoza,416763.0,-8265.0,https://maps.app.goo.gl/mStrWtACTAzscXLYA,,0
194,Colisee Madrid,NURSING_HOME,,VERIFIED,"C. Cam. Real, 2, 28230 Las Rozas de Madrid, Madrid",Madrid,Madrid,404998.0,38835.0,https://maps.app.goo.gl/7GPiW4SoH9Pg67fq5,,0
195,Logista Pharma SA,CLINICAL_LABORATORY,,PENDING,"CALLE DEL TRIGO (POL IND POLVORANCA), 39",Madrid,Espa√±a,0.0,0.0,,,0
196,Colisee Tarragona,NURSING_HOME,,VERIFIED,"Av. dels Pins, 43130 Sant Salvador, Tarragona",Tarragona,Tarragona,4115760.0,124594.0,https://g.co/kgs/jv3xWdW,,0
197,Colisee Alicante,NURSING_HOME,,VERIFIED,"Av. Isla de Corf√∫, 6, 03005 Alicante",Alicante,Alicante,383525.0,-5125.0,https://g.co/kgs/sBFNEfe,,0
198,Colisee Castell√≥n,NURSING_HOME,,VERIFIED,"CV-147 Partida Magdalena s/n, 12004 Castell√≥n de la Plana, Castell√≥n",Castell√≥n,Castell√≥n,399939.0,-725.0,https://g.co/kgs/g8CTmsS,,0
199,Colisee Valencia,NURSING_HOME,,VERIFIED,"Av. de les Corts Valencianes, 15, s√©ptima planta, Campanar, 46015 Val√®ncia, Valencia",Valencia,Valencia,394878.0,-3981.0,https://g.co/kgs/LC42NaC,,0
200,Colisee Salamanca,NURSING_HOME,,VERIFIED,"Av. Padre Ignacio Ellacur√≠a, 1, 37008 Salamanca",Salamanca,Salamanca,409481.0,-56705.0,https://g.co/kgs/xWspKMF,,0
201,Colisee Bilbao,NURSING_HOME,,VERIFIED,"Av. del Ferrocarril, 40, Recalde, 48012 Bilbao, Bizkaia ",Bilbao,Bilbao,432537.0,-29389.0,https://g.co/kgs/UCPtA8Y,,0
202,DEX CIRUGIA PLASTICA SLP,CLINIC,,PENDING,"HOSPITAL QUIRON DEXEUS, GRAN VIA CARLOS III, ED JARDIN PLANTA 1",Barcelona,Espa√±a,0.0,0.0,,,0
203,Unidad de Terapia Ocupacional El Bosque SL ,NURSING_HOME,,VERIFIED," C. de los Pe√±ascales, 14, Salamanca, 28028 Madrid",Madrid,Espa√±a,40.42,-3.66,https://maps.app.goo.gl/sJNkRYZN8AhxNqtL8,,0
204,Hospital General De Granollers,HOSPITAL,,VERIFIED," Carrer de Francesc Ribas, s/n, 08402 Granollers, Barcelona",Granollers,Spain,416056.0,22975.0,https://g.co/kgs/ZybhFqZ,4.6,20
205,Life Melior S.L.,MEDICAL_CENTER,,PENDING,Sagrada Familia 16,Barcelona,Espa√±a,0.0,0.0,,,0
207,Hospital  d'Atenci√≥ Interm√®dia Mutuam Girona,SOCIAL_HEALTHCARE_CENTER,,VERIFIED,"Avinguda Fran√ßa, 64-66",Barcelona,Spain,419875.0,28211.0,https://g.co/kgs/sSsjZmt,4.0,2
208,Hestia La Robleda,SOCIAL_HEALTHCARE_CENTER,,VERIFIED,"Lugar del Santiso, S/N, 15821 Santiso, A Coru√±a",La Coru√±a,Spain,42.931,-8.126,https://g.co/kgs/1LKgeky,,0
209,Hospital Psiqui√°trico Hestia San Jos√©,HOSPITAL,,VERIFIED,"R√∫a Tom√°s A. Alonso, 89, Coia, 36208 Vigo, Pontevedra",Pontevedra,Espa√±a,42.228,-8.745,https://g.co/kgs/Z26AmKw,,0
210,Centre de Salut Granollers (CSG),HOSPITAL,,VERIFIED,"Carrer de Girona, 5, 08402 Granollers Planta 1",Granollers,Granollers,416097.0,22870.0,https://g.co/kgs/HEKDXD5,,0
211,"Barcelona IVF, SLP",CLINIC,,PENDING,"C/ Escoles Pies 103, 08017, Barcelona",Barcelona,Espa√±a,0.0,0.0,,,0
212,Fresenius - Hospitalet,CLINIC,,VERIFIED,"C/Rambla Marina, 429,",Hospitalet de Llobregat,Hospitalet de Llobregat,3870540.0,-47432.0,https://g.co/kgs/qJGArU9,5.0,2
213,Fresenius Medical Care Granollers,CLINIC,,VERIFIED,"Carrer de Manel Cornella 37, 08402 Granollers, Barcelona, Espa√±a",BCN,Spain,41.608,2.286,https://g.co/kgs/GJBTe1Y,,0
214,FUNDACI√ì BARCELONABETA BRAIN RESEARCH CENTER,RESEARCH_CENTER,,VERIFIED,"C/Wellington, 30 08005 Barcelona",Barcelona,Espa√±a,41.389,2.19,https://maps.app.goo.gl/5TzsULhci2UJvuAV8,,0
215,FUNDACIO ASSISTENCIAL DE MUTUA DE TERRASSA,HOSPITAL,,PENDING,SANT ANTONI 32,Barcelona,Espa√±a,0.0,0.0,,,0
216,sanigo healthcare,MEDICAL_CENTER,,PENDING,pje Casablnac C,Barcelona,Espa√±a,0.0,0.0,,,0
217,Centro Asistencial Solimat Getafe,OCCUPATIONAL_HEALTH_AND_SAFETY_CENTER,,VERIFIED,"Calle Irene Joliot Curie 2, 28906 Getafe",Madrid,Espa√±a,40.304,-3.694,https://maps.app.goo.gl/ZAD68YLdgFtWmZ1n8,,0
218,Centro Asistencial Solimat Illescas,DAY_CARE_CENTER,,VERIFIED,"Carretera Ugena 2, Illescas 45200, Toledo",Illescas,Espa√±a,40.141,-3.838,https://maps.app.goo.gl/Zde13TfSTkLyVYTB7,,0
219,Diaverum Pineda de Mar,CLINIC,,VERIFIED,"Carrer Marconi, 2, 08397 Pineda de Mar, Barcelona, Espa√±a",Pineda de Mar ,Espa√±a,4162880.0,268967.0,https://g.co/kgs/SXswCrk,,0
220,Diaverum Matar√≥,CLINIC,,VERIFIED,"Ronda dels Pa√Øsos Catalans, 47, 49 Interior, 08304 Matar√≥, Barcelona, Espa√±a",Matar√≥,Espa√±a,415390.0,24450.0,https://g.co/kgs/Kt61mx9,,0
221,JC Madrid Deporte y Cultura,OTHER,Empresa de gesti√≥n integral de servicios socioculturales y deportivos,PENDING,Calle Oca√±a 14,Madrid,Espa√±a,0.0,0.0,,,0
222,REANIMA SLP,OTHER,Empresa proveedora de servicios de anestesia y sedaci√≥n,PENDING,Avda Industria 53A,Barcelona,Espa√±a,0.0,0.0,,,0
223,Centro en Granollers,HOSPITAL,,VERIFIED,Carrer de Barcelona 65,Granollers,Spain,41.607,2.287,https://maps.app.goo.gl/x8uun5adZUa3rHzS7,,0
224,Centro en Blanes,HOSPITAL,,VERIFIED,"Ctra. Malgrat 17300 Blanes, Girona",Blanes,Spain,41.675,2.779,https://maps.app.goo.gl/YnnMVfaKzqXWM62w6,,0
225,Centro en Barcelona,HOSPITAL,,VERIFIED,"Paseo de gracia, 6",Barcelona,Spain,41.389,2.17,https://maps.app.goo.gl/PPtbG1VpHN8bsqYG9,,0
227,Consultorio Dexeus,CLINIC,,VERIFIED,"Carrer de Sabino Arana, n¬∫‚ÄØ34 ‚Äì Les Corts, Barcelona",Barcelona,Espa√±a,41386800.0,2125210.0,https://g.co/kgs/g2Usj94,,0
228,MC Mutual,MEDICAL_CENTER,,VERIFIED,"Carrer Copernic 58, Barcelona 08006",Barcelona,Espa√±a,41.401,2.141,https://maps.app.goo.gl/bHy1wk8f6ZCL2W6h9,,0
229,Residencia Moll de la Fusta SL,NURSING_HOME,,PENDING,"Carrer De Vas√≤via, 36",Barcelona,Espa√±a,0.0,0.0,,,0
230,FREMAP Hospital de Majadahonda,HOSPITAL,,VERIFIED,"Carretera de Pozuelo 61, Majadahonda",Madrid,Espa√±a,40.451,-3.85,https://maps.app.goo.gl/XpzoKi3Ve9cXx62v6,,0
